contract,python_compatibility,impulse_characterization,cipp_continuous_target,test,status,accepted_difference
canonical topology and ID mapping,191 nodes / 1052 edges from NetworkSpec,exact structural parity,unchanged,tests/nest/test_nest_topology_translation.py,holds,no
repository node and edge identity round-trip,identity is meaningful,round-trips to NEST objects,unchanged,tests/nest/test_nest_topology_translation.py,holds,no
ordinary-E charge sum at leak_rate=0,exact nonleaky sum,exact nonleaky sum,unchanged,tests/nest/test_cipp_semantic_probes.py::test_c1_retained_charge_is_the_full_accumulated_total,holds,no
winner selection rule,earliest analytic crossing under total frozen drive,earliest weighted prefix sum in delay order,membrane-latency race under continuous subthreshold dynamics,PHASE1-FEASIBILITY,broken,no
conduction delay policy,geometry scales learning only; never delivered charge,geometry converted to feedforward delay; up to 3 ms random jitter,"uniform by projection, jitter rejected, geometry only for phi",tests/nest/test_cipp_continuous_live.py::test_continuous_delays_are_uniform_within_each_projection,repaired in cipp_continuous; defect preserved in impulse,yes - impulse keeps geometric delay and optional jitter
winner reporting carries owner identity,owner identity is the representational outcome,"pair.json NEST section carries multiplicity only; no per-window identity, distinct-owner count, modal owner or stability","emitted section carries winners_by_window, distinct_owners, modal owner, stability and agrees_with_python",tests/nest/test_cipp_semantic_probes.py::test_c3_pair_report_carries_owner_identity_and_agreement,broken,no
single-winner WTA,first crossing wins; reset discards losers,multiple ordinary-E fire before E->I->E can reset,single committed winner whenever margin > loop latency; ties reported as ties,PHASE3,broken,partial - nonzero NEST delay means an emitted spike cannot be retracted
ordinary-E I_accq at firing,firing boundary's delivered causal volley (measured 400),whole retained charge since last reset (measured 1200),separate q_causal_volley snapshotted at firing,tests/nest/test_cipp_semantic_probes.py::test_c1_causal_volley_charge_is_recorded_separately_from_the_total,broken,no
confirmation feedback semantics,discards the next frozen packet when timing aligns (known workaround),reset clears only already-arrived charge; t_ref_reset is a fixed timer,one confirmation creates one counted credit consumed by the next eligible volley,tests/nest/test_cipp_semantic_probes.py::test_c7_prediction_credit_survives_silence_and_suppresses_next_evidence,broken,no - the Python behaviour is also a workaround and is not the target
cell physiology vs input pacing,coincidence windows are boundary-based,tau_basal/tau_apical/tau_deposit_lock/t_lockout all set to presentation interval D,all windows from profile.coincidence; no schedule reaches a model dict,tests/nest/test_cipp_continuous_live.py::test_changing_presentation_pacing_leaves_every_model_dict_identical,repaired in cipp_continuous; defect preserved in impulse,yes - impulse keeps window=presentation as recorded characterization
C soma accumulates subthreshold deposits,valid deposits accumulate,valid deposits accumulate (report claim of inertness was wrong),unchanged,tests/nest/test_cipp_semantic_probes.py::test_c2_c_soma_accumulates_repeated_subthreshold_deposits,holds,no
C at full theta is one-shot,one-shot at basal >= theta,one-shot at basal >= theta,unchanged,tests/nest/test_cipp_semantic_probes.py::test_c2_c_at_full_theta_is_one_shot,holds,no
C gate requires basal AND apical,strict AND within window,strict AND with same-time priority,unchanged; both arrival orders valid,tests/nest/test_nest_node_contracts.py,holds,no
C learning updates only the causal basal edge,causal basal edge only,causal basal edge only,unchanged,PHASE6,unverified,no
separate basal/apical/confirmation/reset ports,distinct pathways,distinct ports; lateral no longer swallows confirmation,unchanged plus distinct wta_reset and prediction_credit ports,PHASE3,partial,no
ordinary-E learning trigger,one logical vector transaction at postsynaptic firing,lazy materialization on the next presynaptic spike; PROVEN equivalent for two deferred posts (each uses its own historical I_accq and sequential own weight) - exact to 1e-12 against the oracle,post-triggered materialization OR proven-equivalent lazy with flush,tests/nest/test_cipp_semantic_probes.py::test_c5_two_posts_between_pre_spikes_each_use_their_own_snapshot,holds,conditional - equivalence shown for the two-post case; full acceptance still needs the flush in the silent-afferent row
participation sign s_i,+1 only if delivered before firing and in the firing volley,participate_until only; armed at send time; no lower bound,participate_from and participate_until in delay-adjusted time,tests/nest/test_cipp_semantic_probes.py::test_c4_afferent_arriving_after_the_post_spike_is_depressed,broken,no
late same-volley afferent,s_i = -1,may be marked +1,s_i = -1,tests/nest/test_cipp_semantic_probes.py::test_c4_afferent_arriving_after_the_post_spike_is_depressed,broken,no
silent afferent final weight,included via post-triggered update,never materialized without a later presynaptic spike; logical 245.38819342785618 vs stored 250.0,non-perturbing end-of-run flush,tests/nest/test_cipp_semantic_probes.py::test_c6_silent_afferent_weight_includes_post_triggered_updates,broken,no
delay quantization,n/a,round() - may shorten a requested delay,"ceil-to-grid; result >= request and >= h, exact at float boundaries",tests/nest/test_cipp_profiles.py::test_ceiling_quantization_never_shortens_a_requested_delay,repaired in cipp_continuous; defect preserved in impulse,yes - impulse retains round() so its 88/254 shortened delays stay reproducible
delay quantization floor at h,n/a,never below h,never below h,tests/nest/test_cipp_semantic_probes.py::test_c9_delay_quantization_never_returns_below_the_resolution,holds,no
feedback loop latency reporting,single causal path,sum of projection MEAN delays,actual traversed edge delays or a distribution,PHASE7,broken,no
artifact weight export,live weights,dashboard_topology() reads construction-time self.weights,materialized live-weight snapshot at artifact boundaries,tests/nest/test_cipp_semantic_probes.py::test_supp_dashboard_topology_reports_live_weights,broken,no
replay weight-state labelling,n/a,labels learning frozen even when learning=True,distinguish initial / logical-current / materialized-current / final,PHASE7,broken,no
four-pattern convergence criterion,n/a,stable recent owner + mature column C,"plus unique-owner count, collisions, cold recall, turnover",PHASE8-SCIENTIFIC,broken,no - this is a scientific report change not an engine gate
C maturity is pattern-specific,n/a,column-global pooled C basal association,unchanged; claim corrected in docs,PHASE8-SCIENTIFIC,holds,yes - classic tiled_cc has one pooled C association by construction
topology family coverage,all families,classic tiled_cc only,classic tiled_cc only,PHASE7,holds,yes - staged port; direct-identity and two-tower explicitly out of scope
native NEST clock/delivery/threading,n/a,NEST owns clock delays recorders threads,unchanged,tests/nest/test_nest_live_server.py,holds,no
zero-delay synapse,apical and lateral WTA act at the source spike's tau,floor is h,floor is h,PHASE3,n/a,yes - NEST has no zero delay; this is an accepted native difference
engine profile is declared in every manifest,n/a,engine_profile = impulse_characterization,engine_profile = cipp_continuous once the mechanical suite passes,tests/nest/test_cipp_semantic_probes.py::test_probes_measure_the_impulse_characterization_profile,holds,no
engine profile reaches the replay artifact,n/a,engine_profile carried in replay provenance,unchanged mechanism; value becomes cipp_continuous,tests/nest/test_cipp_semantic_probes.py::test_engine_profile_reaches_the_replay_artifact,holds,no
exact-tie policy is declared,"1e-12 normalized boundary time, stable node order, latency_ties recorded",no declared policy,exact_tie_policy=unresolved; implicit GID tie-break forbidden,tests/nest/test_cipp_continuous_live.py::test_exact_tie_policy_is_declared_and_forbids_gid_fallthrough,holds,yes - no local arbiter until Phase 3 declares tolerance and ordering key
coincidence windows validated against measured causal paths,boundary-based,not validated,skew from traversed basal/apical edges; never a sum of projection means,tests/nest/test_cipp_continuous_live.py::test_causal_envelope_walks_the_real_paths,holds,no
prediction-credit overflow behaviour,n/a,undefined,saturate at capacity; incoherent settings rejected,tests/nest/test_cipp_profiles.py::test_prediction_credit_policy_rejects_incoherent_settings,holds,no
